Id,AgeBins,BldgType,GrLivArea,LotFrontage,LotArea,HasFence,Has2ndFloor,HasBasement,HasGarage,target
1,0,1Fam,1710,65,8450,False,True,True,True,208500
2,2,1Fam,1262,80,9600,False,False,True,True,181500
3,1,1Fam,1786,68,11250,False,True,True,True,223500
5,1,1Fam,2198,84,14260,False,True,True,True,250000
6,1,1Fam,1362,85,14115,True,True,True,True,143000
7,0,1Fam,1694,75,10084,False,False,True,True,307000
8,2,1Fam,2090,80,10382,False,True,True,True,200000
10,3,2fmCon,1077,50,7420,False,False,True,True,118000
11,2,1Fam,1040,70,11200,False,False,True,True,129500
12,0,1Fam,2324,85,11924,False,True,True,True,345000
13,2,1Fam,912,73,12968,False,False,True,True,144000
14,0,1Fam,1494,91,10652,False,False,True,True,279500
15,2,1Fam,1253,76,10920,True,False,True,True,157000
16,3,1Fam,854,51,6120,True,False,True,True,132000
17,2,1Fam,1004,76,11241,False,False,True,True,149000
18,2,Duplex,1296,72,10791,False,False,False,True,90000
19,0,1Fam,1114,66,13695,False,False,True,True,159000
21,0,1Fam,2376,101,14215,False,True,True,True,325300
22,3,1Fam,1108,57,7449,True,False,True,True,139400
23,1,1Fam,1795,75,9742,False,False,True,True,230000
24,2,TwnhsE,1060,44,4224,False,False,True,True,129900
25,2,1Fam,1060,73,8246,True,False,True,True,154000
26,0,1Fam,1600,110,14230,False,False,True,True,256300
27,3,1Fam,900,60,7200,False,False,True,True,134800
28,0,1Fam,1704,98,11478,False,False,True,True,306000
29,2,1Fam,1600,47,16321,False,False,True,True,207500
30,3,1Fam,520,60,6324,False,False,True,True,68500
32,2,1Fam,1228,73,8544,True,False,True,True,149350
33,0,1Fam,1234,85,11049,False,False,True,True,179900
34,3,1Fam,1700,70,10552,False,False,True,True,165500
35,0,TwnhsE,1561,60,7313,False,False,True,True,277500
36,0,1Fam,2452,108,13418,False,True,True,True,309000
37,1,1Fam,1097,112,10859,False,False,True,True,145000
38,3,1Fam,1297,74,8532,False,False,True,True,153000
40,3,Duplex,1152,65,6040,False,False,False,False,82000
42,2,1Fam,1328,115,16905,False,False,True,True,170000
43,2,1Fam,884,71,9180,True,False,True,True,144000
44,2,1Fam,938,71,9200,True,False,True,True,130250
45,2,1Fam,1150,70,7945,False,False,True,True,141000
46,0,TwnhsE,1752,61,7658,False,False,True,True,319900
48,0,1Fam,1656,84,11096,False,False,True,True,249700
49,3,2fmCon,1452,33,4456,False,True,True,False,113000
50,2,1Fam,955,66,7742,True,False,True,True,127000
51,1,1Fam,1470,77,13869,False,True,True,True,177000
52,3,1Fam,1176,52,6240,True,False,True,True,114500
53,2,Duplex,816,110,8472,False,False,True,True,110000
54,2,1Fam,1842,68,50271,False,False,True,True,385000
55,3,1Fam,1360,60,7134,True,False,True,True,130000
56,2,1Fam,1425,100,10175,False,False,True,True,180500
58,0,1Fam,1720,89,11645,False,True,True,True,196500
60,2,1Fam,780,60,7200,True,False,True,True,124900
61,0,1Fam,1158,63,13072,False,False,True,True,158000
62,3,1Fam,1111,60,7200,False,True,True,True,101000
63,0,TwnhsE,1370,44,6442,False,False,True,True,202500
64,3,1Fam,1710,50,10300,True,True,True,True,140000
65,1,1Fam,2034,71,9375,True,True,True,True,219500
66,0,1Fam,2472,76,9591,False,True,True,True,317000
67,2,1Fam,2208,76,19900,False,False,True,True,180000
68,0,1Fam,1479,72,10665,False,False,True,True,226000
69,3,1Fam,747,47,4608,False,False,True,True,80000
70,3,1Fam,2288,81,15593,False,True,True,True,225000
71,2,1Fam,2224,95,13651,False,False,True,True,244000
72,2,1Fam,845,69,7599,False,False,True,True,129500
73,1,1Fam,1718,74,10141,False,True,True,True,185000
74,3,1Fam,1086,85,10200,True,False,True,True,144900
75,3,1Fam,1605,60,5790,False,True,True,True,107400
76,2,Twnhs,988,21,1596,True,True,True,True,91000
77,3,1Fam,952,76,8475,False,False,True,True,135750
78,3,1Fam,1285,50,8635,True,True,True,True,127000
79,2,Duplex,1768,72,10778,False,False,True,False,136500
80,3,1Fam,1230,60,10440,True,True,True,True,110000
81,2,1Fam,2142,100,13000,False,True,True,True,193500
82,1,TwnhsE,1337,32,4500,False,False,True,True,153500
83,0,1Fam,1563,78,10206,False,False,True,True,245000
84,2,1Fam,1065,80,8892,False,False,True,True,126500
85,1,1Fam,1474,77,8530,False,True,True,True,168500
86,1,1Fam,2416,121,16059,False,True,True,True,260000
87,0,1Fam,1560,122,11911,False,True,True,True,174000
88,0,TwnhsE,1224,40,3951,False,True,True,True,164500
90,1,1Fam,990,60,8070,False,False,True,False,123600
91,3,1Fam,1040,60,7200,False,False,False,True,109900
93,3,1Fam,964,80,13360,False,False,True,True,163500
95,1,1Fam,1786,69,9337,False,True,True,True,204750
96,1,1Fam,1470,77,9765,False,True,True,True,185000
97,1,1Fam,1588,78,10264,False,False,True,True,214000
98,2,1Fam,960,73,10921,False,False,True,True,94750
100,3,1Fam,1225,77,9320,False,False,True,False,128950
101,2,1Fam,1610,80,10603,False,False,True,True,205000
102,2,1Fam,1732,77,9206,False,True,True,True,178000
103,2,Duplex,1535,64,7018,False,False,False,True,118964
104,0,1Fam,1226,94,10402,False,False,True,True,198900
105,3,1Fam,1818,59,7758,False,True,True,True,169500
106,0,1Fam,1992,75,9375,False,True,True,True,250000
107,3,1Fam,1047,60,10800,False,False,True,True,100000
108,3,1Fam,789,50,6000,False,False,True,True,115000
109,3,1Fam,1517,85,8500,False,True,True,False,115000
110,2,1Fam,1844,105,11751,True,False,True,True,190000
111,3,1Fam,1855,75,9525,False,True,True,True,136900
112,1,1Fam,1430,77,7750,False,True,True,True,180000
113,0,1Fam,2696,77,9965,False,True,True,True,383970
115,3,1Fam,2320,61,7259,True,True,True,True,259500
116,1,TwnhsE,1458,34,3230,False,True,True,True,176000
117,2,1Fam,1092,73,11616,False,False,True,True,139000
118,0,1Fam,1125,74,8536,False,False,True,True,155000
119,1,1Fam,3222,90,12376,False,True,True,True,320000
120,0,1Fam,1456,65,8461,False,True,True,True,163990
121,2,1Fam,988,82,21453,False,False,True,True,180000
122,3,1Fam,1123,50,6060,True,True,True,True,100000
123,2,1Fam,1080,75,9464,False,False,True,True,136000
124,1,TwnhsE,1199,55,7892,False,False,True,True,153900
125,2,1Fam,1586,48,17043,False,False,True,True,181000
126,3,2fmCon,754,60,6780,False,False,True,False,84500
127,2,TwnhsE,958,28,4928,False,False,True,True,128000
128,3,1Fam,840,55,4388,False,False,True,False,87000
129,2,1Fam,1348,69,7590,False,True,True,True,155000
131,2,1Fam,2156,88,14200,True,True,True,True,226000
132,1,1Fam,2054,77,12224,False,True,True,True,244000
133,2,1Fam,1327,75,7388,False,False,True,True,150750
134,1,1Fam,1296,79,6853,False,False,True,True,220000
135,2,1Fam,1721,78,10335,True,False,True,True,180000
136,2,1Fam,1682,80,10400,True,False,True,True,174000
137,2,1Fam,1214,76,10355,False,False,True,True,143000
139,1,1Fam,1852,73,9066,True,True,True,True,230000
140,1,1Fam,1764,65,15426,True,True,True,True,231500
141,2,1Fam,864,70,10500,False,False,True,False,115000
142,0,1Fam,1734,78,11645,False,False,True,True,260000
143,3,1Fam,1385,71,8520,True,True,True,True,166000
144,1,1Fam,1501,78,10335,False,False,True,True,204000
146,0,Twnhs,1709,24,2522,False,True,True,True,130000
147,3,1Fam,875,51,6120,False,False,True,True,105000
148,1,1Fam,2035,77,9505,False,True,True,True,222500
149,0,1Fam,1080,63,7500,False,False,True,False,141000
150,3,1Fam,1344,57,6240,False,True,True,True,115000
151,2,1Fam,969,120,10356,True,False,True,True,122000
152,0,1Fam,1710,107,13891,False,False,True,True,372402
153,2,1Fam,1993,80,14803,True,True,True,True,190000
154,2,1Fam,1252,82,13500,False,False,True,True,235000
156,3,1Fam,1096,60,9600,False,True,True,False,79000
157,3,1Fam,1040,60,7200,False,False,False,True,109500
158,0,1Fam,1968,92,12003,False,True,True,True,269500
159,1,1Fam,1947,100,12552,True,True,True,True,254900
160,0,1Fam,2462,134,19378,False,True,True,True,320000
161,2,1Fam,1232,59,11120,False,False,True,True,162500
162,0,1Fam,2668,110,13688,False,True,True,True,412500
163,0,1Fam,1541,95,12182,False,False,True,True,220000
164,3,1Fam,882,55,5500,True,False,True,False,103200
165,3,1Fam,1616,40,5400,False,True,True,True,152000
166,3,2fmCon,1355,62,10106,False,True,True,False,127500
167,3,1Fam,1867,82,10708,True,False,True,True,190000
168,0,1Fam,2160,86,10562,False,True,True,True,325624
169,0,1Fam,1720,62,8244,False,True,True,True,183500
170,2,1Fam,1707,79,16669,False,False,True,True,228000
171,3,1Fam,1382,62,12358,False,False,True,True,128500
172,2,1Fam,1656,141,31770,False,False,True,True,215000
173,1,TwnhsE,1767,44,5306,False,True,True,True,239000
174,2,1Fam,1362,80,10197,False,False,True,True,163000
175,2,1Fam,1651,47,12416,False,False,True,True,184000
176,3,1Fam,2158,84,12615,True,False,True,True,243000
177,1,1Fam,2060,97,10029,False,True,True,True,211000
178,2,1Fam,1920,73,13650,False,True,True,True,172500
180,3,1Fam,968,60,8520,False,False,True,True,100000
181,1,Twnhs,1525,66,2117,False,True,True,True,177000
182,3,1Fam,1802,54,7588,False,True,True,True,200100
183,2,1Fam,1340,60,9060,True,False,False,True,120000
184,0,1Fam,2082,63,11426,False,True,True,True,200000
185,3,1Fam,1252,92,7438,True,True,True,True,127000
187,1,1Fam,1217,70,9947,True,False,True,True,173000
188,3,1Fam,1656,60,10410,True,True,True,True,135000
189,2,Duplex,1224,64,7018,False,False,True,True,153337
190,1,TwnhsE,1593,41,4923,False,False,True,True,286000
191,3,1Fam,2728,70,10570,False,True,True,True,315000
192,2,1Fam,1479,76,7472,False,True,True,True,184000
193,1,1Fam,1431,68,9017,False,False,True,True,192000
194,0,Twnhs,1709,24,2522,False,True,True,True,130000
195,2,1Fam,864,60,7180,False,False,True,True,127000
196,2,Twnhs,1456,24,2280,False,True,True,True,148500
197,0,1Fam,1726,79,9416,False,False,True,True,311872
200,0,1Fam,1713,76,9591,False,False,True,True,274900
201,1,1Fam,1121,80,8546,False,False,True,True,140000
202,2,1Fam,1279,75,10125,True,False,True,True,171500
203,3,1Fam,1310,50,7000,False,True,True,True,112000
204,0,TwnhsE,848,71,4438,False,False,True,True,149000
205,3,1Fam,1284,50,3500,True,True,True,True,110000
206,1,1Fam,1442,99,11851,False,False,True,True,180500
207,2,1Fam,1696,40,13673,False,False,True,True,143900
208,2,1Fam,1100,76,12493,True,False,True,True,141000
209,1,1Fam,2062,71,14364,False,True,True,True,277000
210,2,1Fam,1092,75,8250,True,False,True,True,145000
211,3,1Fam,864,67,5604,False,False,True,False,98000
212,0,1Fam,1212,83,10420,False,False,True,True,186000
213,0,1Fam,1852,72,8640,False,True,True,True,252678
214,1,1Fam,990,43,13568,False,False,True,True,156000
215,2,1Fam,1392,71,10900,True,True,True,True,161750
216,2,1Fam,1236,72,10011,True,False,True,True,134450
217,0,1Fam,1436,65,8450,False,False,True,True,210000
219,3,1Fam,1954,72,15660,False,True,True,True,311500
220,0,TwnhsE,1248,43,3010,False,False,True,True,167240
221,0,1Fam,1498,73,8990,False,False,True,True,204900
222,1,1Fam,2268,77,8068,False,True,True,True,200000
223,2,1Fam,1552,85,11475,True,True,True,True,179900
225,1,1Fam,2392,103,13472,False,False,True,True,386250
228,2,Twnhs,987,21,1869,False,True,True,True,106000
229,2,1Fam,912,70,8521,True,False,True,True,125000
230,0,TwnhsE,1555,43,3182,False,False,True,True,192500
231,3,1Fam,1194,73,8760,False,False,True,True,148000
232,1,1Fam,2794,174,15138,False,True,True,True,403000
233,2,Twnhs,987,21,1680,False,True,True,True,94500
234,2,1Fam,894,75,10650,True,False,True,True,128200
235,1,1Fam,1960,77,7851,False,True,True,True,216500
236,2,TwnhsE,987,21,1680,False,True,True,True,89500
237,1,1Fam,1414,65,8773,False,False,True,True,185500
238,1,1Fam,1744,71,9453,False,True,True,True,194500
239,0,1Fam,1694,93,12030,False,False,True,True,318000
240,3,1Fam,1487,52,8741,True,True,True,True,113000
241,0,1Fam,1566,75,9000,False,False,True,True,262500
242,3,1Fam,866,40,3880,False,False,True,False,110500
243,3,1Fam,1440,63,5000,False,True,True,True,79000
244,2,TwnhsE,1217,75,10762,False,True,True,True,120000
245,1,1Fam,2110,71,8880,False,True,True,True,205000
246,1,1Fam,1872,80,10400,False,False,True,True,241500
247,3,2fmCon,1928,69,9142,False,True,True,True,137000
248,3,1Fam,1375,75,11310,False,False,True,True,140000
249,0,1Fam,1668,72,11317,False,True,True,True,180000
250,2,1Fam,2144,82,159000,False,True,True,True,277000
251,3,1Fam,1306,55,5350,True,False,True,False,76500
253,0,1Fam,1640,65,8366,False,True,True,True,173000
254,2,1Fam,1302,85,9350,True,False,True,True,158000
255,3,1Fam,1314,70,8400,False,False,True,True,145000
256,1,1Fam,2292,66,8738,False,True,True,True,230000
257,0,1Fam,1728,64,8791,False,True,True,True,207500
259,1,1Fam,1792,80,12435,False,True,True,True,231500
260,3,1Fam,882,70,12702,False,False,False,True,97000
261,2,1Fam,1382,120,19296,True,False,True,True,176000
262,0,1Fam,2574,69,9588,False,True,True,True,276000
263,2,1Fam,1212,88,8471,True,False,True,True,151000
264,3,1Fam,1316,50,5500,False,False,True,True,130000
265,3,1Fam,764,30,5232,False,False,True,True,73000
266,2,1Fam,1422,78,12090,True,False,True,True,175500
267,1,1Fam,1511,70,11207,False,True,True,True,185000
268,3,1Fam,2192,60,8400,False,True,True,True,179500
269,3,1Fam,778,71,6900,False,False,True,True,120500
270,2,1Fam,1113,68,7917,True,False,True,True,148000
271,0,1Fam,1939,84,10728,False,True,True,True,266000
272,3,1Fam,1363,73,39104,False,False,True,True,241500
273,1,1Fam,2270,92,11764,False,True,True,True,290000
274,3,1Fam,1632,80,9600,True,False,True,True,139000
275,2,1Fam,816,76,8314,False,False,True,True,124500
276,3,1Fam,1548,55,7264,False,True,True,True,205000
277,1,1Fam,1560,129,9196,False,False,True,True,201000
278,3,1Fam,864,140,19138,False,False,True,True,141000
279,0,1Fam,2120,107,14450,False,False,True,True,415298
280,2,1Fam,2022,83,10005,False,True,True,True,192000
281,1,1Fam,1982,82,11287,False,True,True,True,228500
282,0,1Fam,1262,60,7200,False,False,True,True,185000
283,0,Twnhs,1314,34,5063,False,False,True,True,207500
284,0,1Fam,1468,74,9612,False,False,True,True,244600
285,1,TwnhsE,1575,50,8012,False,False,True,True,179200
286,0,TwnhsE,1250,35,4251,False,True,True,True,164700
287,2,1Fam,1734,77,9786,True,True,True,True,159000
288,2,1Fam,858,76,8125,False,False,True,False,88000
289,2,1Fam,900,73,9819,True,False,True,True,122000
290,3,1Fam,1396,60,8730,False,True,True,True,153575
291,0,1Fam,1919,120,15611,False,True,True,True,233230
292,3,2fmCon,1716,55,5687,False,True,True,False,135900
293,3,1Fam,1716,60,11409,False,True,True,True,131000
294,2,1Fam,2264,80,16659,False,True,True,True,235000
295,3,1Fam,1644,80,9600,False,False,True,True,167000
296,2,1Fam,1003,37,7937,True,False,True,True,142500
297,3,1Fam,1558,75,13710,True,True,True,True,152000
298,1,1Fam,1950,66,7399,False,True,True,True,239000
299,2,1Fam,1743,90,11700,False,True,True,True,175000
301,3,2fmCon,1336,90,15750,False,False,True,True,157000
302,1,1Fam,2452,66,16226,False,True,True,True,267000
303,0,1Fam,1541,118,13704,False,False,True,True,205000
305,3,1Fam,3492,87,18386,False,True,True,True,295000
306,0,1Fam,2000,80,10386,False,False,True,True,305900
307,1,1Fam,2244,116,13474,False,True,True,True,225000
308,3,1Fam,1406,59,7920,True,True,True,False,89500
309,3,1Fam,861,68,12342,False,False,True,True,82500
310,0,1Fam,1944,90,12378,False,False,True,True,360000
311,1,1Fam,1501,77,7685,False,True,True,True,165600
312,3,1Fam,972,50,8000,False,False,True,True,132000
313,3,2fmCon,1118,65,7800,True,True,True,True,119900
314,2,1Fam,2036,150,215245,False,False,True,True,375000
315,3,1Fam,1641,60,9600,False,True,True,True,178000
316,0,1Fam,1432,71,7795,False,True,True,True,188500
317,2,1Fam,2352,94,13005,True,True,True,True,260000
318,0,1Fam,1959,75,9000,False,True,True,True,270000
319,1,1Fam,2646,90,9900,False,True,True,True,260000
320,2,1Fam,1472,80,14115,False,False,True,True,187500
321,0,1Fam,2596,111,16259,False,True,True,True,342643
322,0,1Fam,2468,99,12099,False,True,True,True,354000
323,2,1Fam,2730,86,10380,True,True,True,True,301000
324,3,1Fam,1163,49,5820,False,False,True,True,126175
325,2,1Fam,2978,96,11275,False,True,True,True,242000
326,3,1Fam,803,50,5000,False,False,True,True,87000
327,1,TwnhsE,1719,32,10846,False,False,True,True,324000
328,2,1Fam,1383,80,11600,False,False,True,True,145250
329,3,1Fam,2134,57,11888,False,True,True,True,214500
330,3,1Fam,1192,60,6402,True,True,True,True,78000
331,2,Duplex,1728,76,10624,False,False,True,True,119000
332,2,1Fam,1056,70,8176,False,False,True,True,139000
333,1,1Fam,1629,85,10655,False,False,True,True,284000
334,0,TwnhsE,1358,59,8198,False,False,True,True,207000
335,1,1Fam,1638,59,9042,False,True,True,True,192000
336,2,2fmCon,1786,79,164660,False,True,True,True,228950
337,0,1Fam,1922,86,14157,False,False,True,True,377426
338,1,1Fam,1536,70,9135,False,False,True,True,214000
339,2,1Fam,1621,91,14145,False,False,True,True,202500
340,3,1Fam,1215,66,12400,False,False,True,True,155000
341,1,1Fam,1908,85,14191,False,True,True,True,202900
342,3,1Fam,841,60,8400,False,False,True,True,82000
343,3,Duplex,1040,76,8544,False,False,False,True,87500
344,0,TwnhsE,1684,63,8849,False,False,True,True,266000
345,2,TwnhsE,1112,36,2592,False,True,True,True,85000
346,3,1Fam,1577,65,6435,False,True,True,True,140200
347,2,1Fam,958,76,12772,False,False,True,True,151500
348,2,1Fam,1478,76,17600,False,False,True,True,157500
349,0,Twnhs,1626,36,2448,False,True,True,True,154000
351,0,TwnhsE,1869,68,7820,False,False,True,True,318061
353,3,1Fam,1111,60,9084,False,True,True,True,95000
354,3,1Fam,720,60,8520,False,False,True,True,105900
355,3,1Fam,1595,60,8400,False,True,True,True,140000
356,1,1Fam,1200,105,11249,False,False,True,True,177500
357,1,1Fam,1167,77,9248,False,False,True,True,173000
358,2,TwnhsE,1142,44,4224,True,False,True,True,134000
360,1,1Fam,1924,78,12011,False,True,True,True,280000
361,2,1Fam,912,70,7540,True,False,True,True,156000
362,3,1Fam,1505,57,9144,False,True,True,True,145000
363,1,1Fam,1922,64,7301,False,True,False,True,198500
364,2,Twnhs,987,21,1680,False,True,True,True,118000
365,2,1Fam,1574,80,18800,False,True,True,True,190000
366,3,1Fam,1344,59,10690,False,True,True,True,147000
367,2,1Fam,1394,76,9500,False,False,True,True,159000
368,2,1Fam,1431,101,9150,False,False,True,True,165000
369,3,1Fam,1268,78,7800,False,False,True,True,132000
370,3,1Fam,1287,76,9830,False,False,True,True,162000
371,1,1Fam,1664,77,8121,False,True,True,True,172400
372,2,1Fam,1588,80,17120,False,True,False,True,134432
373,2,TwnhsE,752,50,7175,True,False,True,True,125000
374,3,1Fam,1319,79,10634,True,False,True,True,123000
375,0,1Fam,1928,65,8200,False,True,True,True,219500
376,3,1Fam,904,68,10020,False,False,True,False,61000
377,1,1Fam,914,57,8846,False,False,True,True,148000
378,0,1Fam,2466,102,11143,False,True,True,True,340000
379,0,1Fam,1856,88,11394,False,False,True,True,394432
380,1,1Fam,1800,60,8123,False,True,True,True,179000
381,3,1Fam,1691,50,5000,False,True,True,True,127000
382,0,1Fam,1301,60,7200,False,False,True,True,187750
383,0,1Fam,1797,79,9245,False,True,True,True,213500
384,3,1Fam,784,60,9000,False,False,True,True,76000
385,1,1Fam,1953,82,53107,False,True,True,True,240000
386,1,TwnhsE,1269,43,3182,False,False,True,True,192000
387,3,1Fam,1184,58,8410,False,True,True,False,81000
389,1,1Fam,1479,93,9382,False,False,True,True,191000
391,3,1Fam,1367,50,8405,True,True,True,True,119000
392,1,1Fam,1961,71,12209,False,True,True,True,215000
393,2,1Fam,882,76,8339,True,False,False,True,106500
395,3,1Fam,1034,60,10134,False,True,True,True,109000
396,3,1Fam,1144,68,9571,False,False,True,True,129000
397,2,1Fam,894,60,7200,False,False,True,True,123000
398,2,1Fam,1812,69,7590,False,True,True,True,169500
400,0,1Fam,1550,65,8125,False,True,True,True,241000
401,1,TwnhsE,1288,38,14963,False,False,True,True,245500
402,0,1Fam,1310,65,8767,False,False,True,True,164990
403,3,1Fam,672,60,10200,True,False,True,True,108000
405,1,1Fam,1572,77,10364,False,True,True,True,168000
406,2,1Fam,1620,73,9991,True,False,True,True,150000
407,3,1Fam,1639,51,10480,False,False,True,True,115000
408,3,1Fam,1680,63,15576,False,True,True,True,177000
409,0,1Fam,2172,109,14154,False,True,True,True,280000
410,0,1Fam,2078,85,10800,False,True,True,True,339750
412,3,2fmCon,1056,100,34650,False,False,True,True,145000
413,0,1Fam,1478,66,4403,False,False,True,True,222000
414,3,1Fam,1028,56,8960,False,False,True,True,115000
415,1,1Fam,2096,59,11228,False,True,True,True,228000
416,0,1Fam,1340,73,8899,False,False,True,True,181134
417,2,1Fam,1400,74,7844,False,True,True,True,149500
418,3,1Fam,2624,86,22420,False,True,True,True,239000
419,3,1Fam,1134,60,8160,False,True,True,True,126000
420,2,1Fam,1056,65,8450,False,False,True,True,142000
421,1,Duplex,1344,78,7060,False,False,True,True,206300
422,2,1Fam,1602,80,16635,False,False,True,True,215000
423,3,1Fam,988,100,21750,False,False,True,True,113000
424,1,1Fam,2630,80,9200,False,True,True,True,315000
425,3,1Fam,1196,72,9000,False,False,True,True,139000
426,3,1Fam,1389,60,3378,False,True,True,True,135000
427,1,1Fam,1644,71,12800,False,False,True,True,275000
428,3,1Fam,907,77,8593,False,False,True,True,109008
429,0,1Fam,1208,64,6762,False,False,True,True,195400
430,2,1Fam,1412,130,11457,False,False,True,True,175000
433,2,TwnhsE,1365,24,1920,False,True,True,True,122500
434,1,1Fam,1604,100,10839,False,True,True,True,181000
435,2,Twnhs,630,21,1890,False,False,True,False,81000
436,1,1Fam,1661,43,10667,False,True,True,True,212000
437,3,1Fam,1118,40,4400,False,True,True,True,116000
438,3,1Fam,904,50,6000,False,False,True,True,119000
439,3,1Fam,694,40,4280,True,False,True,True,90350
440,3,1Fam,1196,67,12354,True,True,True,True,110000
442,3,Duplex,1440,92,12108,False,False,True,False,118000
443,3,1Fam,1573,52,6240,False,True,True,True,162900
444,0,TwnhsE,1258,53,3922,False,False,True,True,172500
445,1,1Fam,1908,70,8750,False,True,True,True,210000
446,3,1Fam,1689,73,9855,True,False,True,True,127500
447,2,1Fam,1888,137,16492,False,False,True,True,190000
448,1,1Fam,1886,77,11214,False,True,True,True,199900
449,3,1Fam,1376,50,8600,False,True,True,True,119500
450,3,1Fam,1183,50,6000,False,True,True,True,120000
451,3,1Fam,813,70,5684,False,False,True,True,110000
452,2,1Fam,1533,62,70761,False,False,True,True,280000
453,1,1Fam,1756,79,9303,False,True,True,True,204000
454,0,1Fam,1590,75,9000,False,True,True,True,210000
456,2,1Fam,1242,80,9600,False,False,True,True,175500
458,3,1Fam,1663,82,53227,False,False,True,True,256000
459,3,1Fam,1666,62,5100,True,True,True,True,161000
460,3,1Fam,1203,57,7015,False,True,True,True,110000
461,0,1Fam,1935,75,8004,False,True,True,True,263435
462,3,1Fam,1135,60,7200,True,True,True,True,155000
463,2,1Fam,864,60,8281,True,False,True,True,62383
464,3,1Fam,1660,74,11988,False,True,True,True,188700
465,2,1Fam,1040,60,8430,False,False,True,False,124000
466,0,TwnhsE,1414,47,3072,False,False,True,True,178740
467,2,1Fam,1277,85,10628,True,False,True,True,167000
468,3,1Fam,1644,79,9480,False,True,True,True,146500
469,0,1Fam,1634,98,11428,False,False,True,True,250000
470,1,1Fam,1710,76,9291,False,True,True,True,187000
471,2,TwnhsE,1502,62,6820,False,False,True,True,212000
472,2,1Fam,1969,92,11952,False,True,True,True,190000
473,0,TwnhsE,1072,35,3675,False,False,True,True,148000
475,1,TwnhsE,1652,41,5330,False,False,True,True,251000
476,2,1Fam,970,80,8480,False,False,True,True,132500
477,1,1Fam,1493,75,13125,False,False,True,True,208900
478,0,1Fam,2644,105,13693,False,True,True,True,380000
479,0,1Fam,1718,79,10637,False,False,True,True,297000
480,3,1Fam,1131,50,5925,True,False,True,True,89471
481,0,1Fam,1850,98,16033,False,False,True,True,326000
482,0,1Fam,1792,72,11846,False,False,True,True,374000
483,3,1Fam,1826,50,2500,False,True,True,True,155000
484,1,Twnhs,1216,32,4500,False,False,True,True,164000
485,2,1Fam,999,73,7758,False,False,True,True,132500
486,3,1Fam,1113,80,9600,False,False,True,True,147000
487,2,1Fam,1073,79,10289,False,False,True,True,156000
488,2,1Fam,1484,70,12243,False,False,True,True,175000
489,3,2fmCon,2414,60,10800,False,True,True,True,160000
490,2,Twnhs,630,21,1526,False,False,True,True,86000
491,2,TwnhsE,1304,28,2665,False,True,True,True,115000
492,3,1Fam,1578,79,9490,True,True,True,True,133000
493,0,1Fam,1456,105,15578,False,True,True,True,172785
494,2,1Fam,1269,70,7931,False,False,True,True,155000
495,3,1Fam,886,50,5784,False,False,True,True,91300
498,3,1Fam,1820,60,9120,True,True,True,True,184000
499,2,1Fam,899,65,7800,True,False,True,True,130000
500,2,1Fam,912,70,7535,True,False,True,True,120000
501,2,Twnhs,1218,21,1890,False,True,True,True,113000
502,0,1Fam,1768,75,9803,False,True,True,True,226700
503,2,1Fam,1214,70,9170,True,False,True,True,140000
504,3,1Fam,1801,100,15602,True,False,True,True,289000
505,2,TwnhsE,1322,24,2308,False,True,True,True,147000
506,3,Duplex,1960,60,7596,False,True,True,True,124500
507,1,1Fam,1911,80,9554,False,True,True,True,215000
508,0,1Fam,1218,75,7862,False,False,True,True,208300
509,3,1Fam,1378,60,9600,False,True,True,True,161000
510,2,1Fam,1041,80,9600,True,False,True,True,124500
511,3,1Fam,1363,75,14559,False,False,True,True,164900
512,0,TwnhsE,1368,40,6792,False,False,True,True,202665
513,2,1Fam,864,70,9100,False,False,True,True,129900
514,2,1Fam,1080,71,9187,False,False,True,True,134000
515,3,1Fam,789,55,10594,True,False,True,True,96500
516,0,1Fam,2020,94,12220,False,False,True,True,402861
518,1,1Fam,2344,79,10208,False,True,True,True,265000
519,1,1Fam,1796,71,9531,True,True,True,True,211000
520,3,1Fam,2080,53,10918,True,True,True,True,234000
521,3,2fmCon,1294,60,10800,False,True,False,False,106250
522,2,1Fam,1244,90,11988,False,False,True,True,150000
523,3,1Fam,1664,50,5000,False,True,True,True,159000
524,0,1Fam,4676,130,40094,False,True,True,True,184750
525,1,1Fam,2398,95,11787,False,True,True,True,315750
526,0,1Fam,1266,62,7500,False,False,True,True,176000
527,3,1Fam,928,70,13300,False,False,True,True,132000
529,3,1Fam,605,58,9098,False,False,True,False,86000
530,2,1Fam,2516,72,32668,False,False,True,True,200624
532,3,1Fam,1362,60,6155,False,True,True,True,128000
533,3,1Fam,827,60,7200,False,False,False,True,107500
534,3,1Fam,334,50,5000,False,False,False,False,39300
535,0,1Fam,1414,74,9056,False,True,True,True,178000
536,3,2fmCon,1347,70,7000,False,True,True,False,107500
537,1,1Fam,1724,57,8924,False,True,True,True,188000
538,2,1Fam,864,76,12735,True,False,True,True,111250
539,2,1Fam,1159,73,11553,False,False,True,True,158000
540,1,1Fam,1601,71,11423,True,False,True,True,272000
541,0,1Fam,1838,85,14601,False,False,True,True,315000
542,1,1Fam,2284,89,11000,False,True,True,True,248000
543,1,1Fam,1680,78,10140,False,False,True,True,213250
544,1,TwnhsE,767,34,4058,False,False,True,True,133000
545,0,1Fam,1496,58,17104,False,True,True,True,179665
546,1,1Fam,2184,80,13837,False,True,True,True,229000
547,3,1Fam,1635,70,8737,False,True,True,True,210000
548,2,1Fam,768,54,7244,False,False,True,True,129500
549,3,1Fam,825,49,8235,True,False,True,True,125000
550,1,1Fam,2094,75,9375,False,True,True,True,263000
552,3,1Fam,928,50,6000,False,False,True,True,112500
553,0,1Fam,1717,87,11146,False,False,True,True,255500
554,3,1Fam,1126,67,8777,True,False,False,True,108000
555,0,1Fam,2046,85,10625,False,True,True,True,284000
556,3,1Fam,1048,58,6380,False,False,True,True,113000
557,2,1Fam,1092,69,14850,True,False,True,True,141000
559,1,1Fam,1446,57,21872,False,True,True,True,175000
560,0,TwnhsE,1557,47,3196,False,False,True,True,234000
561,3,1Fam,1392,73,11341,False,False,True,True,121500
562,2,1Fam,1389,77,10010,False,False,True,True,170000
563,3,1Fam,996,63,13907,False,False,True,False,108000
564,3,1Fam,1674,66,21780,False,True,True,True,185000
565,1,1Fam,2296,89,13346,False,True,True,True,268000
566,3,1Fam,1647,66,6858,False,True,True,True,128000
567,0,1Fam,2504,77,11198,False,True,True,True,325000
568,1,1Fam,1535,70,10171,False,False,True,True,214000
569,2,1Fam,2132,79,12327,False,True,True,True,316600
570,2,Duplex,943,76,7032,False,False,True,True,135960
571,2,Duplex,1728,74,13101,False,False,True,True,142600
573,0,1Fam,1692,83,13159,False,True,True,True,224500
574,1,1Fam,1430,76,9967,False,True,True,True,170000
575,2,1Fam,1109,70,10500,True,True,True,True,139000
577,3,1Fam,1477,52,6292,False,True,True,True,145000
580,3,1Fam,1795,81,12150,False,True,True,True,131500
581,2,1Fam,1429,76,14585,False,False,True,True,181900
582,0,1Fam,2042,98,12704,False,False,True,True,253293
583,1,Duplex,816,81,11841,False,False,True,False,118500
584,3,1Fam,2776,75,13500,False,True,True,True,325000
585,3,1Fam,1573,51,6120,False,True,True,True,133000
586,0,1Fam,2028,88,11443,False,False,True,True,369900
587,3,1Fam,838,55,10267,True,False,True,True,130000
588,2,1Fam,860,74,8740,False,False,True,True,137000
589,2,1Fam,1473,65,25095,False,False,True,True,143000
590,3,1Fam,935,50,9100,False,False,True,True,79500
591,0,1Fam,1582,64,8320,False,True,True,True,185900
593,2,1Fam,816,60,6600,False,False,True,True,138000
594,1,TwnhsE,848,71,4435,False,False,True,True,140000
595,2,1Fam,924,88,7990,True,False,True,True,110000
596,0,1Fam,1826,69,11302,False,False,True,True,319000
597,3,1Fam,1368,60,3600,False,True,True,True,114504
598,0,TwnhsE,1402,53,3922,False,False,True,True,194201
599,2,1Fam,1647,80,12984,False,False,True,True,217500
600,2,Twnhs,1556,24,1950,True,True,True,True,151000
601,0,1Fam,1904,74,10927,False,True,True,True,275000
602,3,1Fam,1375,50,9000,False,True,True,True,141000
604,1,TwnhsE,1200,30,3182,False,True,True,True,151000
605,1,1Fam,1494,88,12803,False,False,True,True,221000
606,2,1Fam,1986,85,13600,False,True,True,True,205000
607,1,1Fam,1040,82,12464,True,False,True,True,152000
608,3,1Fam,2008,78,7800,False,True,True,True,225000
609,3,1Fam,3194,78,12168,False,True,True,True,359100
610,2,1Fam,1029,61,7943,False,False,True,True,118500
611,1,1Fam,2152,71,11050,False,True,True,True,313000
612,2,1Fam,1032,80,10395,True,False,True,True,148000
613,1,1Fam,1872,71,11885,False,True,True,True,261500
614,0,1Fam,1120,70,8402,False,False,True,False,147000
615,2,TwnhsE,630,21,1491,False,False,True,False,75500
617,0,1Fam,1509,77,7861,False,True,True,True,183200
618,3,1Fam,832,59,7227,False,False,True,True,105500
619,0,1Fam,1828,90,11694,False,False,True,True,314813
620,0,1Fam,2262,85,12244,False,True,True,True,305000
621,3,1Fam,864,45,8248,False,False,True,False,67000
622,2,1Fam,2614,90,10800,False,True,True,True,240000
623,2,1Fam,980,71,7064,False,False,True,True,135000
624,1,TwnhsE,1512,66,2117,False,True,True,True,168500
625,2,1Fam,1790,80,10400,False,True,True,True,165150
626,2,1Fam,1116,87,10000,False,False,True,True,160000
627,2,1Fam,1422,76,12342,True,False,True,True,139900
628,3,1Fam,1520,80,9600,False,False,True,True,153000
630,2,1Fam,1350,82,9020,True,False,True,True,168500
632,0,Twnhs,1554,34,4590,False,False,True,True,209500
634,3,1Fam,1056,80,9250,False,False,True,True,139400
635,2,Duplex,1056,64,6979,True,False,True,True,144000
637,3,1Fam,800,51,6120,False,False,True,False,60000
638,3,2fmCon,1387,50,6000,False,True,True,True,93000
639,3,1Fam,796,67,8777,True,False,True,False,85000
640,0,TwnhsE,1567,53,3982,False,False,True,True,264561
641,0,TwnhsE,1518,62,12677,False,False,True,True,274000
642,1,1Fam,1929,66,7050,False,True,True,True,226000
643,2,1Fam,2704,75,13860,True,True,True,True,345000
644,2,1Fam,1620,80,10793,True,True,True,True,152000
645,0,1Fam,1766,85,9187,False,False,True,True,370878
646,2,1Fam,981,76,10530,False,False,True,True,143250
647,3,1Fam,1048,60,7200,False,False,False,True,98300
648,3,1Fam,1094,85,10452,False,False,True,True,155000
649,2,1Fam,1839,70,7700,False,True,True,True,155000
650,2,Twnhs,630,21,1936,True,False,True,False,84500
651,0,1Fam,1665,65,8125,False,True,True,True,205950
652,3,1Fam,1510,60,9084,True,True,True,True,108000
653,1,1Fam,1716,70,8750,False,True,True,True,191000
654,3,1Fam,1469,60,10320,True,True,True,True,135000
655,1,1Fam,2112,91,10437,False,False,True,True,350000
657,2,1Fam,1053,72,10007,True,False,True,True,145500
658,3,1Fam,1502,60,7200,True,True,True,True,149000
660,2,1Fam,1486,75,9937,True,False,True,True,167000
661,2,1Fam,1935,80,12384,False,True,True,True,197900
662,1,1Fam,2448,52,46589,False,True,True,True,402000
663,2,1Fam,1392,120,13560,False,False,True,True,110000
664,2,1Fam,1181,90,10012,True,False,True,True,137500
666,1,1Fam,1936,106,11194,False,True,True,True,230500
668,1,1Fam,1679,65,8125,False,False,True,True,193500
669,2,1Fam,1437,73,14175,False,False,True,True,168000
670,3,1Fam,1180,80,11600,False,False,True,True,137500
671,0,1Fam,1476,64,8633,False,True,True,True,173500
672,3,1Fam,1369,54,6629,False,True,True,True,103600
673,2,1Fam,1208,59,11250,False,False,True,True,165000
674,2,1Fam,1839,110,14442,False,False,True,True,257500
675,2,1Fam,1136,80,9200,False,False,True,True,140000
676,2,Twnhs,1441,24,2289,False,True,True,True,148500
677,3,1Fam,1774,60,9600,False,True,True,True,87000
678,3,1Fam,792,52,9022,False,False,True,True,109500
679,0,1Fam,2046,80,11844,False,False,True,True,372500
680,2,1Fam,988,73,9945,False,False,True,True,128500
681,2,TwnhsE,923,50,8012,False,False,True,True,143000
683,1,1Fam,1291,82,2887,False,False,True,True,173000
684,0,1Fam,1668,90,11248,False,False,True,True,285000
685,1,1Fam,1839,58,16770,False,True,True,True,221000
686,2,TwnhsE,2090,62,5062,False,True,True,True,207500
687,0,1Fam,1761,84,10207,False,True,True,True,227875
688,0,TwnhsE,1102,66,5105,False,True,True,True,148800
689,0,1Fam,1419,60,8089,False,False,True,True,392000
690,0,TwnhsE,1362,61,7577,False,False,True,True,194700
691,0,TwnhsE,848,71,4426,False,False,True,True,141000
693,1,1Fam,2520,42,26178,False,True,True,True,335000
695,3,1Fam,1539,51,6120,True,True,True,True,141500
696,1,1Fam,1137,54,13811,False,False,True,True,176000
697,3,1Fam,616,50,6000,False,False,True,True,89000
698,3,1Fam,1148,57,6420,False,False,True,True,123500
699,2,1Fam,894,65,8450,True,False,True,True,138500
700,0,TwnhsE,1391,59,4282,False,False,True,True,196000
701,0,1Fam,1800,85,14331,False,False,True,True,312500
702,2,1Fam,1164,80,9600,False,False,True,True,140000
703,0,1Fam,2576,82,12438,False,True,True,True,361919
704,3,2fmCon,1812,76,7630,True,True,True,True,140000
705,1,1Fam,1484,70,8400,False,False,True,True,213000
706,3,2fmCon,1092,70,5600,False,True,False,False,55000
707,2,1Fam,1824,82,115149,False,False,True,True,302000
708,0,TwnhsE,1324,48,6240,False,False,True,True,254000
709,0,1Fam,1456,65,9018,False,True,True,True,179540
711,3,1Fam,729,56,4130,False,False,True,False,52000
713,1,TwnhsE,1228,40,4671,False,False,True,True,189000
714,2,2fmCon,960,60,9873,False,False,True,True,129000
715,2,1Fam,1479,73,13517,False,True,True,True,130500
716,2,1Fam,1350,78,10140,True,False,True,True,165000
717,3,1Fam,2554,60,10800,False,True,True,True,159500
718,2,1Fam,1178,80,10000,True,False,True,True,157000
719,1,1Fam,2418,96,10542,False,True,True,True,341000
720,2,1Fam,971,69,9920,False,False,True,True,128500
721,2,1Fam,1742,62,6563,False,False,True,True,275000
722,1,TwnhsE,848,71,4426,False,False,True,True,143000
723,2,1Fam,864,70,8120,False,False,True,True,124500
724,3,1Fam,1470,60,8172,False,True,True,True,135000
725,0,1Fam,1698,86,13286,False,False,True,True,320000
726,2,1Fam,864,60,6960,False,False,True,True,120500
727,2,1Fam,1680,72,21695,False,False,True,True,222000
728,0,1Fam,1232,64,7314,False,False,True,True,194500
730,3,1Fam,1208,52,6240,False,False,True,True,103000
731,1,TwnhsE,1616,39,5389,False,False,True,True,236500
732,0,1Fam,1146,73,9590,False,False,True,True,187500
733,1,1Fam,2031,75,11404,False,True,True,True,222500
734,2,1Fam,1144,80,10000,True,False,True,True,131400
736,3,1Fam,1768,60,10800,False,True,True,True,163000
737,3,Duplex,1040,60,8544,False,False,False,True,93500
738,0,1Fam,1801,72,10463,False,True,True,True,239900
739,2,Duplex,1200,60,10800,False,False,True,False,179000
740,0,1Fam,1728,65,9313,False,True,True,True,190000
742,2,1Fam,912,65,6768,True,False,True,True,142000
743,1,1Fam,1349,65,8450,True,False,True,True,179000
744,2,1Fam,1464,70,12886,False,False,True,True,175000
745,1,TwnhsE,1337,41,5395,False,False,True,True,180000
746,2,1Fam,2716,80,8963,False,True,True,True,299800
747,1,1Fam,2256,77,8795,False,True,True,True,236000
748,3,1Fam,2640,65,11700,False,True,True,True,265979
749,1,1Fam,1720,59,10593,False,False,True,True,260400
750,3,1Fam,1529,50,8405,False,True,False,True,98000
751,3,1Fam,1140,55,8800,False,True,True,False,96500
752,0,1Fam,1320,77,7750,False,True,True,True,162000
753,1,1Fam,1494,79,9236,False,False,True,True,217000
754,0,1Fam,2098,80,10240,False,True,True,True,275500
755,2,1Fam,1026,61,7930,False,False,True,True,156000
756,1,TwnhsE,1471,34,3230,False,True,True,True,172500
757,0,1Fam,1768,68,10769,False,True,True,True,212000
759,1,Twnhs,1501,24,2280,False,True,True,True,179400
760,1,1Fam,2532,65,12257,False,True,True,True,290000
761,2,1Fam,864,70,9100,False,False,True,True,127500
762,3,1Fam,1301,60,6911,False,False,True,True,100000
763,0,1Fam,1547,72,8640,False,True,True,True,215200
764,1,1Fam,2364,82,9430,False,True,True,True,337000
765,1,TwnhsE,1494,30,9549,False,False,True,True,270000
766,0,1Fam,1506,75,14587,False,False,True,True,264132
767,2,1Fam,1714,80,10421,True,True,True,True,196500
768,3,1Fam,1750,75,12508,False,True,True,True,160000
769,0,1Fam,1836,70,9100,False,False,True,True,216837
771,2,1Fam,858,73,7252,False,False,True,True,134900
772,3,1Fam,1220,67,8877,False,False,True,True,102000
774,2,1Fam,912,70,10150,False,False,True,True,114500
775,0,1Fam,1973,110,14226,False,False,True,True,395000
776,1,TwnhsE,1204,32,4500,False,False,True,True,162000
777,0,1Fam,1614,86,11210,False,False,True,True,221500
778,2,1Fam,894,100,13350,True,False,True,True,142500
779,2,Duplex,2020,60,8400,False,False,False,True,144000
780,2,Duplex,1004,78,10530,False,False,True,True,135000
781,1,1Fam,1253,63,7875,False,False,True,True,176000
782,1,1Fam,1603,65,7153,False,True,True,True,175900
783,1,1Fam,1430,67,16285,False,False,True,True,187100
784,2,1Fam,1110,70,9101,False,False,True,True,165500
785,3,1Fam,1484,35,6300,False,True,True,False,128000
786,2,1Fam,1342,80,9790,False,False,True,True,161500
787,3,1Fam,1652,60,10800,False,True,True,True,139000
788,1,1Fam,2084,76,10142,False,True,True,True,233000
789,3,1Fam,901,50,6000,False,False,True,True,107900
790,2,1Fam,2088,82,12205,False,True,True,True,187500
791,0,TwnhsE,1145,43,3182,False,False,True,True,160200
792,2,1Fam,1062,70,11333,False,False,True,True,146800
793,1,1Fam,2013,92,9920,False,True,True,True,269790
794,0,1Fam,1496,76,9158,False,False,True,True,225000
795,1,1Fam,1895,77,10832,False,True,True,True,194500
796,2,1Fam,1564,70,8400,True,True,True,True,171000
797,2,1Fam,1285,71,8197,True,False,True,True,143500
800,3,1Fam,1768,60,7200,True,True,True,True,175000
801,1,1Fam,1688,79,12798,False,True,True,True,200000
802,3,1Fam,1196,40,4800,False,False,True,True,109900
803,0,1Fam,1456,63,8199,False,True,True,True,189000
806,0,1Fam,1428,91,12274,False,False,True,True,227680
807,2,1Fam,980,75,9750,False,False,True,True,135500
808,3,1Fam,1576,144,21384,False,True,True,True,223500
809,2,1Fam,1086,85,13400,True,False,True,True,159950
810,3,1Fam,2138,90,8100,True,True,True,True,106000
811,2,1Fam,1309,78,10140,True,False,True,True,181000
812,0,TwnhsE,848,71,4438,False,False,True,True,144500
814,2,1Fam,1442,75,9750,False,False,True,True,157900
815,3,1Fam,1250,45,8248,False,True,True,True,116000
816,1,1Fam,1661,48,12137,False,False,True,True,224900
817,3,1Fam,1008,76,11425,False,False,True,True,137000
818,1,1Fam,1689,70,13265,False,False,True,True,271000
819,2,1Fam,1052,80,8816,True,False,True,True,155000
820,0,TwnhsE,1358,44,6371,False,False,True,True,224000
821,0,1Fam,1640,72,7226,False,True,True,True,183000
822,3,2fmCon,936,60,6000,False,False,True,True,93000
824,3,1Fam,1489,60,9900,True,True,True,True,139500
825,0,1Fam,1489,81,11216,False,False,True,True,232600
826,0,1Fam,2084,114,14803,False,False,True,True,385000
827,3,1Fam,784,50,6130,False,False,True,False,109500
828,1,1Fam,1434,65,8529,False,False,True,True,189000
830,0,Twnhs,1223,24,2544,False,True,True,True,147400
831,3,1Fam,1392,80,11900,False,False,True,True,166000
832,0,TwnhsE,1200,30,3180,False,True,True,True,151000
833,1,1Fam,1829,44,9548,False,True,True,True,237000
834,2,1Fam,1516,100,10004,False,False,True,True,167000
835,2,1Fam,1144,75,7875,True,False,True,True,139950
836,3,1Fam,1067,60,9600,False,False,True,True,128000
837,3,1Fam,1559,90,8100,True,False,True,True,153500
838,2,Twnhs,987,21,1680,False,True,True,True,100000
839,1,1Fam,1099,75,9525,False,False,True,True,144000
840,3,1Fam,1200,70,11767,False,True,True,True,130500
841,3,1Fam,1482,59,12155,False,True,True,True,140000
842,3,1Fam,1539,60,10440,False,True,True,True,157500
843,2,1Fam,1165,82,9020,True,False,True,True,174900
844,2,Duplex,1800,80,8000,False,False,True,False,141000
845,3,1Fam,1416,100,12665,False,True,True,True,153900
846,2,1Fam,1701,73,16647,False,False,True,True,171000
847,1,1Fam,1775,75,9317,False,True,True,True,213000
848,2,1Fam,864,36,15523,False,False,True,True,133500
849,3,1Fam,2358,75,45600,False,True,True,True,240000
850,2,1Fam,1855,80,9600,False,True,True,True,187000
851,0,TwnhsE,848,36,4435,False,False,True,True,131500
852,0,TwnhsE,1456,47,3196,False,False,True,True,215000
853,3,1Fam,1646,53,7128,True,True,True,True,164000
854,2,1Fam,1445,76,12095,True,False,True,True,158000
856,2,1Fam,1040,73,6897,False,False,True,True,127000
857,2,1Fam,1026,71,10970,True,False,True,True,147000
858,1,1Fam,1481,65,8125,False,True,True,True,174000
860,2,1Fam,2654,80,11029,False,True,True,True,250000
861,3,1Fam,1426,55,7642,True,True,True,True,189950
862,2,2fmCon,1039,75,11625,False,False,True,True,131500
863,2,1Fam,1097,81,9672,True,False,True,True,152000
864,2,1Fam,1148,70,7931,True,False,True,True,132500
865,0,1Fam,1372,72,8640,False,False,True,True,250580
866,2,1Fam,1002,76,8750,True,False,True,True,148500
867,0,1Fam,1646,67,10656,False,False,True,True,248900
868,2,1Fam,1120,85,6970,False,False,True,True,129000
869,3,1Fam,2320,77,14762,False,True,False,True,169000
870,1,1Fam,1949,80,9938,True,True,True,True,236000
871,2,1Fam,894,60,6600,False,False,True,True,109500
872,1,1Fam,1682,70,8750,False,True,True,True,200500
873,3,1Fam,910,74,8892,True,False,True,True,116000
874,3,1Fam,1268,60,12144,False,False,True,True,133000
876,0,1Fam,2610,75,9000,False,True,True,True,303477
877,2,1Fam,1040,94,25286,False,False,True,True,132250
878,0,1Fam,2224,74,8834,False,True,True,True,350000
879,2,1Fam,1155,88,11782,True,False,True,True,148000
880,2,1Fam,864,71,7000,True,False,True,True,136500
881,0,1Fam,1090,60,7024,False,False,True,True,157000
882,1,1Fam,1717,44,13758,False,True,True,True,187500
883,1,1Fam,1593,77,9636,True,True,True,True,178000
884,3,1Fam,2230,60,6204,False,True,True,True,118500
885,2,1Fam,892,65,7150,True,False,True,True,100000
888,3,1Fam,1393,59,16466,False,True,True,True,135500
889,2,1Fam,2216,95,15865,False,False,True,True,268000
890,3,1Fam,1505,128,12160,False,False,True,True,149500
891,3,1Fam,924,60,8064,True,True,True,True,122900
892,2,1Fam,1683,70,11184,False,True,True,True,172500
893,2,1Fam,1068,70,8414,True,False,True,True,154500
894,3,1Fam,1383,73,13284,True,False,True,True,165000
895,2,Duplex,1535,64,7018,False,False,False,True,118858
896,2,1Fam,1796,71,7056,False,True,True,True,140000
898,2,Duplex,2240,64,7018,False,True,False,True,142953
900,2,1Fam,1236,65,6993,False,False,True,True,135000
901,2,1Fam,858,76,7340,False,False,True,True,110000
902,3,1Fam,1306,64,8712,False,False,True,True,153000
903,0,1Fam,1509,63,7875,False,True,True,True,180000
904,0,1Fam,1670,50,14859,False,False,True,True,240000
905,2,1Fam,902,73,6173,True,False,True,True,125500
906,3,1Fam,1063,80,9920,True,False,True,True,128000
907,0,1Fam,1636,116,13501,False,False,True,True,255000
908,3,1Fam,2056,86,11500,False,True,True,True,250000
909,2,1Fam,902,70,8885,True,False,True,True,131000
910,0,1Fam,1484,149,12589,False,True,True,True,174000
911,2,Duplex,2274,80,11600,False,True,True,True,154300
912,2,1Fam,1268,71,9286,False,False,True,True,143500
914,3,Duplex,2002,82,6270,False,True,True,True,145000
915,0,TwnhsE,1224,30,3000,False,True,True,True,173733
916,2,Twnhs,1092,21,2001,False,True,True,True,75000
918,3,1Fam,1229,68,17140,False,False,True,True,135000
919,1,1Fam,2128,103,13125,True,True,True,True,238000
920,2,1Fam,1414,87,11029,False,False,True,True,176500
921,1,1Fam,1721,70,8462,False,True,True,True,201000
922,3,Duplex,2200,67,8777,True,True,True,False,145900
923,0,1Fam,1316,65,10237,False,False,True,True,169990
924,1,TwnhsE,1617,50,8012,False,False,True,True,193000
925,2,1Fam,1686,79,10240,False,False,True,True,207500
927,0,1Fam,2374,93,11999,False,True,True,True,285000
928,2,1Fam,1978,80,9900,True,True,True,True,176000
929,1,1Fam,1788,71,11838,False,False,True,True,236500
930,1,1Fam,2236,77,13006,False,True,True,True,222000
931,0,1Fam,1466,73,8925,False,False,True,True,201000
932,2,1Fam,925,70,9100,True,False,True,True,117500
933,0,1Fam,1905,84,11670,False,False,True,True,320000
934,0,1Fam,1500,63,8487,False,False,True,True,190000
935,2,1Fam,2068,313,27650,False,False,True,True,242000
936,3,1Fam,747,52,5825,False,False,True,True,79900
937,1,1Fam,1200,67,10083,False,False,True,True,184900
938,0,1Fam,1971,75,9675,False,True,True,True,253000
939,0,1Fam,1962,73,8760,False,True,True,True,239799
940,3,1Fam,2404,82,24090,False,True,True,True,244400
941,2,Duplex,1728,55,12640,False,False,True,True,150900
942,1,1Fam,2060,77,8755,True,True,True,True,214000
944,2,Duplex,1632,100,25000,False,False,True,True,143000
946,3,1Fam,1869,98,8820,True,True,True,True,124900
947,2,1Fam,1144,70,8163,False,False,True,True,143000
948,0,1Fam,1629,85,14536,False,False,True,True,270000
949,0,1Fam,1776,65,14006,False,True,True,True,192500
950,2,1Fam,1381,78,9360,False,False,True,True,197500
951,3,1Fam,864,60,7200,False,False,True,True,129000
953,2,1Fam,768,60,7200,True,False,True,True,133900
954,2,1Fam,1968,70,11075,True,True,True,True,172000
955,2,Duplex,980,35,9400,False,False,True,False,127500
956,3,Duplex,1958,82,7136,False,True,True,True,145000
957,2,TwnhsE,1229,24,1300,True,True,True,True,124000
958,2,1Fam,1057,70,7420,False,False,True,True,132000
959,0,1Fam,1337,65,8450,False,False,True,True,185000
960,1,Twnhs,1416,24,2572,False,True,True,True,155000
961,3,1Fam,858,50,7207,False,False,True,False,116500
962,2,1Fam,2872,80,12227,False,True,True,True,272000
963,2,TwnhsE,1548,24,2308,False,True,True,True,155000
964,0,1Fam,1800,122,11923,False,False,True,True,239000
965,1,1Fam,1894,80,11316,False,True,True,True,214900
966,0,1Fam,1484,65,10237,False,True,True,True,178900
967,3,1Fam,1308,130,9600,False,True,True,True,160000
968,3,1Fam,1098,76,7390,False,False,True,True,135000
970,2,2fmCon,1095,75,10382,False,False,True,True,140000
972,1,Twnhs,1626,36,2268,False,True,True,True,173000
973,2,TwnhsE,918,55,7892,False,False,True,True,99500
974,0,1Fam,1428,95,11639,False,False,True,True,182000
975,3,1Fam,2019,60,11414,True,True,True,True,167500
976,1,Twnhs,1382,66,2651,False,True,True,True,165000
977,3,1Fam,869,51,5900,False,False,True,False,85500
978,0,TwnhsE,1241,35,4274,False,False,True,True,199900
980,2,1Fam,1121,80,8816,True,False,True,True,139000
981,2,1Fam,999,76,12122,False,False,True,True,178400
982,1,1Fam,2612,98,12203,False,True,True,True,336000
983,0,1Fam,1266,43,3182,False,False,True,True,159895
984,1,1Fam,2290,71,11250,False,True,True,True,255900
985,2,Duplex,1734,75,10125,False,True,False,True,126000
986,3,2fmCon,1164,68,10880,False,False,True,True,125000
987,3,1Fam,1635,59,5310,False,True,True,True,117000
988,0,1Fam,1940,83,10159,False,False,True,True,395192
989,2,1Fam,2030,80,12046,False,True,True,True,195000
990,0,1Fam,1576,65,8125,False,True,True,True,197000
991,1,1Fam,2392,82,9452,False,True,True,True,348000
992,3,1Fam,1742,121,17671,False,True,True,True,168000
993,2,1Fam,1851,80,9760,True,True,True,True,187000
994,0,1Fam,1500,68,8846,False,True,True,True,173900
995,0,1Fam,1718,96,12456,False,False,True,True,337500
997,2,1Fam,1050,76,10659,False,False,True,True,136500
998,2,1Fam,1442,80,11717,False,False,True,True,185000
999,3,1Fam,1077,60,9786,False,False,True,True,91000
1000,0,1Fam,1208,64,6762,False,False,True,True,206000
1001,3,1Fam,944,74,10206,False,False,False,True,82000
1003,0,1Fam,1574,75,11957,False,False,True,True,232000
1004,2,Duplex,1680,80,11500,False,False,True,True,136905
1005,0,TwnhsE,1504,43,3182,False,False,True,True,181000
1006,2,1Fam,985,65,8385,False,False,True,True,149900
1007,2,1Fam,1657,76,12155,False,False,True,True,163500
1008,2,TwnhsE,1092,21,2217,False,True,True,True,88000
1009,0,1Fam,1710,43,12118,False,False,True,True,240000
1010,3,1Fam,1522,60,6000,False,False,True,False,102000
1011,3,1Fam,1271,115,21286,False,True,True,True,135000
1012,2,Duplex,1664,75,9825,False,False,False,False,100000
1013,3,1Fam,1502,55,10592,False,True,True,True,165000
1014,3,1Fam,1022,60,7200,False,False,True,True,85000
1015,3,1Fam,1082,60,11664,False,False,True,True,119200
1016,1,1Fam,1665,70,8400,False,True,True,True,227000
1017,1,1Fam,1504,73,11883,False,False,True,True,203000
1019,1,1Fam,1472,77,10784,False,True,True,True,160000
1020,0,TwnhsE,1506,43,3013,False,False,True,True,213490
1021,0,1Fam,1132,60,7024,False,False,True,True,176000
1022,0,1Fam,1220,64,7406,False,False,True,True,194000
1023,3,1Fam,1248,52,9439,False,True,True,True,87000
1024,0,TwnhsE,1504,43,3182,False,False,True,True,191000
1026,2,1Fam,882,70,7700,True,False,True,True,112500
1027,2,1Fam,1264,73,9300,False,False,True,True,167500
1028,0,1Fam,1646,71,9520,False,False,True,True,293077
1029,3,1Fam,1376,79,9492,False,True,True,True,105000
1030,2,Twnhs,1218,21,1680,False,True,True,True,118000
1031,3,2fmCon,1928,59,7082,False,True,True,False,160000
1032,3,1Fam,3082,102,15863,False,True,True,True,197000
1034,0,1Fam,1654,71,8125,False,False,True,True,230000
1035,3,1Fam,954,50,6305,True,False,True,True,119750
1036,3,1Fam,845,68,11500,False,False,False,True,84000
1037,0,1Fam,1620,89,12898,False,False,True,True,315500
1038,1,1Fam,2264,71,9240,False,True,True,True,287000
1039,2,Twnhs,1344,21,1533,False,True,True,False,97000
1040,2,TwnhsE,630,21,1477,False,False,True,True,80000
1041,2,1Fam,1803,88,13125,True,False,True,True,155000
1042,2,1Fam,1632,80,9130,False,True,True,True,173000
1043,0,Twnhs,1306,34,5381,False,False,True,True,196000
1044,1,1Fam,2328,86,11839,False,True,True,True,262280
1045,2,1Fam,2524,80,9600,True,False,True,True,278000
1046,3,1Fam,1733,68,13680,False,False,False,True,139600
1048,1,1Fam,990,57,9245,False,False,True,True,145000
1049,2,1Fam,1771,100,21750,True,False,False,True,115000
1051,0,1Fam,1302,73,8993,False,False,True,True,176485
1052,0,1Fam,1316,103,11175,False,False,True,True,200141
1053,2,1Fam,1977,100,9500,True,True,True,True,165000
1054,3,1Fam,1526,68,8562,False,False,True,True,144500
1055,0,1Fam,1989,90,11367,False,True,True,True,255000
1057,0,TwnhsE,1364,43,7052,False,False,True,True,185850
1058,1,1Fam,1850,89,29959,False,True,True,True,248000
1059,0,1Fam,2184,96,11308,False,True,True,True,335000
1060,3,1Fam,1991,72,11275,False,True,True,True,220000
1061,1,TwnhsE,1338,41,4920,False,False,True,True,213500
1063,3,2fmCon,2336,85,13600,False,True,True,True,90000
1064,3,1Fam,1103,50,6000,True,False,True,True,110500
1065,2,1Fam,1154,76,11000,True,False,True,True,154000
1066,1,1Fam,2260,80,14000,False,True,True,True,328000
1067,1,1Fam,1571,59,7837,False,True,True,True,178000
1068,2,1Fam,1611,80,9760,False,True,True,True,167900
1069,2,TwnhsE,2520,42,3964,True,True,True,True,151400
1070,3,1Fam,893,60,9600,False,False,True,True,135000
1071,3,1Fam,1048,72,10152,False,False,True,True,135000
1072,2,1Fam,1556,78,11700,False,True,True,True,154000
1073,3,1Fam,1456,50,7585,False,True,True,True,91500
1074,2,1Fam,1426,75,7950,True,True,True,True,159500
1075,0,1Fam,1240,74,8556,False,False,True,True,194000
1076,3,1Fam,1740,75,13125,False,True,True,True,219500
1077,3,1Fam,1466,60,10800,False,True,True,True,170000
1079,0,TwnhsE,848,37,4435,False,False,True,True,155900
1080,1,1Fam,990,65,8775,False,False,True,True,126000
1082,2,1Fam,1040,75,7500,True,False,True,True,133000
1083,0,1Fam,1459,70,8749,False,False,True,True,192000
1084,2,1Fam,1251,80,8800,True,False,True,True,160000
1085,1,1Fam,1498,77,13031,False,True,True,True,187500
1086,1,1Fam,996,73,9069,False,False,True,True,147000
1087,2,TwnhsE,1092,28,1974,False,True,True,True,83500
1088,0,1Fam,1953,85,10574,False,True,True,True,252000
1089,0,Twnhs,1709,24,2522,False,True,True,True,137500
1090,0,TwnhsE,1247,37,3316,False,False,True,True,197000
1091,3,Duplex,1040,60,8544,False,False,False,True,92900
1092,1,Twnhs,1252,24,2160,False,True,True,True,160000
1093,3,1Fam,1694,60,8400,False,True,True,True,136500
1094,2,1Fam,1200,71,9230,True,False,True,True,146000
1095,3,1Fam,936,74,5868,False,False,True,True,129000
1096,0,1Fam,1314,78,9317,False,False,True,True,176432
1097,3,1Fam,1355,60,6882,False,True,True,False,127000
1098,2,TwnhsE,1088,62,3696,False,False,True,True,170000
1099,3,1Fam,1324,50,6000,False,True,True,True,128000
1101,3,1Fam,438,60,8400,False,False,True,True,60000
1102,2,1Fam,950,61,9758,False,False,True,True,119500
1104,2,1Fam,1194,79,8910,False,False,True,True,159500
1105,2,TwnhsE,1302,24,2016,False,True,True,True,106000
1106,1,1Fam,2622,98,12256,False,True,True,True,325000
1107,1,1Fam,1442,114,10357,False,False,True,True,179900
1108,0,1Fam,2021,168,23257,False,True,True,True,274725
1110,0,1Fam,1836,107,11362,False,False,True,True,280000
1111,1,1Fam,1658,77,8000,False,True,True,True,188000
1112,2,1Fam,1964,80,10480,False,True,True,True,205000
1113,2,1Fam,816,73,7100,False,False,True,True,129900
1114,3,1Fam,1008,66,8923,False,False,True,True,134500
1115,3,1Fam,833,90,5400,True,False,True,True,117000
1116,0,1Fam,1734,93,12085,False,False,True,True,318000
1117,1,1Fam,1419,77,7750,False,True,True,True,184100
1118,2,1Fam,894,57,9764,False,False,True,True,130000
1119,2,1Fam,1601,85,13825,False,True,True,True,140000
1120,2,1Fam,1040,70,7560,True,False,True,True,133700
1121,3,1Fam,1012,59,8263,True,False,True,True,118400
1122,0,1Fam,1552,84,10084,False,False,True,True,212900
1124,3,1Fam,698,50,9405,False,False,True,False,118000
1125,1,1Fam,1482,77,9125,False,True,True,True,163900
1126,3,1Fam,1005,60,10434,False,False,True,True,115000
1127,0,TwnhsE,1555,53,3684,False,False,True,True,174000
1129,0,1Fam,1959,59,11796,False,True,True,True,215000
1130,2,Duplex,936,60,7200,False,False,True,True,140000
1131,3,1Fam,1981,65,7804,True,True,True,True,135000
1133,3,1Fam,2210,90,9900,False,True,True,True,117500
1134,1,1Fam,2020,80,9828,False,True,True,True,239500
1135,1,1Fam,1600,57,8773,False,True,True,True,169000
1136,3,1Fam,986,60,6180,False,False,True,True,102000
1138,3,1Fam,1020,54,6342,False,True,True,False,94000
1139,2,1Fam,1567,70,9819,False,False,True,True,196000
1140,3,1Fam,1167,98,8731,False,False,True,True,144000
1142,2,1Fam,1868,80,10304,False,True,True,True,197500
1144,2,1Fam,1006,73,9000,False,False,True,False,80000
1145,3,2fmCon,924,60,12180,True,True,True,True,80000
1147,2,1Fam,1298,71,11200,False,False,True,True,180000
1148,3,1Fam,1564,75,12000,False,True,True,True,174500
1149,3,1Fam,1111,62,5700,False,True,True,True,116900
1150,3,1Fam,1482,50,9000,False,True,True,True,143000
1151,3,1Fam,932,57,8280,True,False,True,True,124000
1152,2,1Fam,1466,134,17755,False,False,True,True,149900
1154,3,1Fam,816,59,5890,False,False,True,True,120500
1155,2,1Fam,1820,76,13700,True,True,True,True,201800
1156,2,1Fam,1437,90,10768,False,False,True,True,218000
1157,2,1Fam,1265,85,9350,True,False,True,True,179900
1158,0,Twnhs,1314,34,5001,False,False,True,True,230000
1159,0,1Fam,1580,92,11932,False,False,True,True,235128
1160,2,1Fam,1876,76,9120,False,True,True,True,185000
1161,2,Twnhs,1456,24,2280,False,True,True,True,146000
1162,3,1Fam,1640,72,14778,False,False,True,True,224000
1163,2,1Fam,894,109,8724,False,False,True,True,129000
1164,2,Duplex,1258,60,12900,False,False,True,True,108959
1165,2,1Fam,1432,59,16157,False,False,True,True,194000
1166,0,1Fam,1502,79,9541,False,False,True,True,233170
1167,0,1Fam,1694,64,10475,False,False,True,True,245350
1168,1,1Fam,1671,58,10852,False,True,True,True,173000
1169,3,1Fam,2108,120,13728,False,True,True,True,235000
1171,2,1Fam,1118,76,9880,True,False,True,True,171000
1172,2,1Fam,1261,76,9120,False,False,True,True,163000
1173,0,TwnhsE,1250,35,4017,False,True,True,True,171900
1174,3,1Fam,3086,138,18030,True,True,True,False,200500
1175,3,1Fam,2344,80,16560,False,True,True,True,239000
1176,1,1Fam,2872,85,10678,False,True,True,True,285000
1177,2,1Fam,923,37,6951,True,False,True,True,119500
1178,3,1Fam,1224,62,3950,False,True,True,True,115000
1179,3,1Fam,1343,54,7681,False,True,True,True,154900
1180,3,1Fam,1124,77,8335,False,False,False,False,93000
1181,1,1Fam,2514,79,11170,True,True,True,True,250000
1182,0,TwnhsE,1652,64,5587,False,False,True,True,392500
1184,3,1Fam,1130,60,10800,False,False,True,True,120000
1185,2,1Fam,1572,50,35133,False,False,True,True,186700
1186,3,1Fam,1221,60,9738,False,True,True,True,104900
1188,1,1Fam,1624,89,12461,True,False,True,True,262000
1189,1,1Fam,1660,68,8935,False,True,True,True,195000
1190,1,1Fam,1804,60,7500,False,True,True,True,189000
1191,2,2fmCon,1622,70,32463,False,False,True,True,168000
1192,1,Twnhs,1441,24,2645,False,True,True,True,174000
1193,3,1Fam,1472,60,9600,True,True,True,True,125000
1194,1,TwnhsE,1224,70,4500,False,False,True,True,165000
1195,2,1Fam,1352,80,9364,True,True,True,True,158000
1196,0,1Fam,1456,51,8029,False,True,True,True,176000
1197,0,1Fam,1863,58,14054,False,True,True,True,219210
1198,3,1Fam,1690,65,8850,False,True,True,True,144000
1199,1,1Fam,1212,70,9100,False,False,True,True,178000
1200,2,1Fam,1382,75,11235,False,False,True,True,148000
1202,1,1Fam,1779,80,10400,False,True,True,True,197900
1203,3,1Fam,1348,50,6000,False,True,True,True,117000
1204,1,1Fam,1630,75,9750,False,False,True,True,213000
1205,2,1Fam,1074,78,10140,True,False,True,True,153500
1206,1,1Fam,2196,90,14684,False,False,True,True,271900
1207,2,1Fam,1056,71,8900,True,False,True,True,107000
1208,0,1Fam,1700,70,9135,False,False,True,True,200000
1209,2,1Fam,1283,70,7763,False,False,True,True,140000
1210,0,1Fam,1660,85,10182,False,False,True,True,290000
1211,1,1Fam,1845,70,11218,True,True,True,True,189000
1212,2,1Fam,1752,152,12134,False,True,True,True,164000
1213,3,1Fam,672,50,9340,False,False,True,True,113000
1214,2,1Fam,960,73,10246,False,False,True,True,145000
1215,2,1Fam,999,69,10205,False,False,True,True,134500
1216,2,1Fam,894,99,7094,True,False,True,True,125000
1217,2,Duplex,1902,68,8930,False,True,False,True,112000
1218,0,1Fam,1314,72,8640,False,False,True,True,229456
1219,3,1Fam,912,52,6240,False,True,False,False,80500
1222,2,1Fam,1211,55,8250,False,False,True,True,134000
1223,3,1Fam,1846,78,10496,True,True,True,True,143000
1224,3,1Fam,2136,89,10680,True,False,True,True,137900
1225,0,1Fam,1490,60,15384,False,True,True,True,184000
1226,2,1Fam,1138,65,10482,True,False,True,True,145000
1227,0,1Fam,1933,86,14598,False,True,True,True,214000
1228,2,1Fam,912,72,8872,False,False,True,True,147000
1229,0,TwnhsE,1702,65,8769,False,False,True,True,367294
1230,2,1Fam,1507,70,7910,True,False,True,True,127000
1231,2,Duplex,2620,73,18890,False,True,True,True,190000
1232,2,Duplex,1190,70,7728,True,False,True,True,132500
1233,2,Duplex,1224,70,9842,False,False,False,True,101800
1236,3,1Fam,1784,96,13132,False,True,True,True,138887
1237,1,Twnhs,1626,36,2628,False,True,True,True,175500
1238,0,1Fam,1948,41,12393,False,True,True,True,195000
1240,0,1Fam,1484,64,9037,False,False,True,True,265900
1241,0,1Fam,1768,65,8158,False,True,True,True,224900
1242,0,1Fam,1689,83,9849,False,False,True,True,248328
1245,3,1Fam,1517,72,11435,False,True,True,True,230000
1247,0,1Fam,1553,65,8125,False,True,True,True,186500
1248,2,1Fam,1034,70,12328,False,False,True,True,169900
1249,3,1Fam,2058,60,9600,False,True,True,True,129500
1250,3,1Fam,988,60,7200,False,False,True,True,119000
1251,2,1Fam,2110,93,11160,False,False,True,True,244000
1252,0,TwnhsE,1405,81,3136,False,False,True,True,171750
1253,2,1Fam,874,62,9858,True,False,True,True,130000
1254,2,1Fam,2168,59,17542,True,True,True,True,294000
1255,0,1Fam,1656,60,6931,False,True,True,True,165400
1256,3,1Fam,1367,52,6240,False,True,True,True,127500
1257,1,1Fam,1987,91,14303,False,False,True,True,301500
1258,3,1Fam,864,56,4060,False,False,True,False,99900
1259,0,1Fam,1166,59,9587,False,False,True,True,190000
1260,2,1Fam,1054,65,9750,False,False,True,True,151000
1261,1,1Fam,1675,77,24682,False,True,True,True,181000
1262,3,1Fam,1050,80,9600,False,False,True,True,128900
1263,3,1Fam,1788,82,11250,False,True,True,True,161500
1264,3,1Fam,1824,60,13515,True,True,True,True,180500
1266,1,TwnhsE,1452,35,3735,False,True,True,True,183900
1267,3,2fmCon,1889,60,10120,True,True,True,True,122000
1268,0,1Fam,2018,89,13214,False,False,True,True,378500
1269,3,1Fam,3448,72,14100,True,True,True,True,381000
1270,2,1Fam,1524,78,11344,True,True,True,True,144000
1271,2,1Fam,1524,82,23595,False,True,True,True,260000
1272,2,1Fam,1489,80,9156,False,False,True,True,185750
1273,2,1Fam,935,73,13526,True,False,True,True,137000
1274,2,1Fam,1357,124,11512,True,False,True,True,177000
1275,3,1Fam,1250,53,5362,False,True,True,True,139000
1276,3,Duplex,1920,95,11345,False,True,True,True,137000
1277,2,1Fam,1395,80,12936,False,True,True,True,162000
1278,2,1Fam,1724,80,17871,False,False,True,True,197900
1279,1,1Fam,2031,75,9473,False,True,True,True,237000
1281,1,1Fam,1573,67,9808,False,False,True,True,227000
1282,1,1Fam,1339,50,8049,False,False,True,True,180000
1283,2,1Fam,1040,61,8800,False,False,True,True,150500
1284,2,Duplex,1824,94,9400,False,True,True,False,139000
1285,3,1Fam,2448,50,9638,False,True,True,True,169000
1286,3,1Fam,1412,50,6000,False,True,True,True,132500
1287,2,1Fam,1328,80,9790,False,False,True,True,143000
1288,2,1Fam,1582,82,36500,False,False,True,True,190000
1289,1,TwnhsE,1659,40,5664,False,False,True,True,278000
1290,0,1Fam,1970,86,11065,False,True,True,True,281000
1291,2,1Fam,1152,76,14112,False,False,True,True,180500
1292,2,Twnhs,1302,21,1680,False,True,True,True,119500
1293,3,1Fam,2372,60,6600,False,True,True,True,107500
1294,2,1Fam,1664,78,10140,True,True,True,True,162900
1295,3,1Fam,864,60,8172,False,False,True,True,115000
1296,2,1Fam,1052,70,8400,True,False,True,True,138500
1297,2,1Fam,1128,80,8700,True,False,True,True,155000
1298,0,TwnhsE,1072,35,3675,False,False,True,True,140000
1299,0,1Fam,5640,313,63887,False,True,True,True,160000
1300,3,1Fam,1246,75,7500,True,False,True,True,154000
1301,1,1Fam,1983,77,10762,False,True,True,True,225000
1302,3,1Fam,1494,72,7500,False,True,True,True,177500
1303,1,1Fam,2526,92,10120,False,True,True,True,290000
1304,0,1Fam,1616,73,8688,False,False,True,True,232000
1305,0,TwnhsE,1708,32,3363,False,True,True,True,130000
1306,0,1Fam,1652,108,13173,False,False,True,True,325000
1307,0,TwnhsE,1368,48,6955,False,False,True,True,202500
1308,1,1Fam,990,60,8072,False,False,True,True,138000
1309,3,1Fam,1122,100,12000,True,False,True,True,147000
1310,1,1Fam,1294,71,7153,True,False,True,True,179200
1311,3,1Fam,1902,100,17500,False,False,True,True,335000
1312,0,1Fam,1274,68,8814,False,False,True,True,203000
1313,1,1Fam,2810,89,9572,False,True,True,True,302000
1314,1,1Fam,2600,108,14774,False,True,True,True,333168
1315,3,1Fam,948,60,8190,False,False,True,True,119000
1316,2,1Fam,2112,85,11075,False,True,True,True,206900
1317,0,1Fam,1630,61,10226,False,False,True,True,295493
1318,0,TwnhsE,1352,47,4230,False,False,True,True,208900
1319,0,1Fam,1787,71,14781,False,False,True,True,275000
1320,3,1Fam,948,75,10215,False,False,True,True,111000
1321,3,1Fam,1478,70,8400,False,False,True,True,156500
1322,3,1Fam,720,57,6627,False,False,False,True,72500
1323,1,1Fam,1923,107,10186,False,True,True,True,190000
1324,3,1Fam,708,50,5330,False,False,True,False,82500
1325,0,1Fam,1795,75,9986,False,False,True,True,147000
1326,3,1Fam,796,40,3636,True,False,True,False,55000
1327,3,1Fam,774,70,4270,False,False,True,False,79000
1328,2,1Fam,816,60,6600,True,False,True,True,130500
1329,3,1Fam,2792,60,10440,True,True,True,True,256000
1330,1,1Fam,1632,63,9084,False,True,True,True,176500
1331,0,1Fam,1588,85,10000,False,False,True,True,227000
1332,2,1Fam,954,55,10780,False,False,True,True,132500
1333,3,1Fam,816,67,8877,False,False,True,True,100000
1334,3,1Fam,1360,60,7200,True,True,True,True,125500
1335,2,TwnhsE,1365,24,2368,False,True,True,True,125000
1336,2,1Fam,1334,80,9650,False,False,True,True,167900
1337,2,Duplex,1656,87,9246,False,False,True,True,135000
1338,3,1Fam,693,153,4118,False,False,True,False,52500
1339,0,1Fam,1861,95,13450,False,True,True,True,200000
1340,2,1Fam,864,120,9560,False,False,True,True,128500
1341,2,1Fam,872,70,8294,True,False,True,True,123000
1342,0,1Fam,1114,66,13695,False,False,True,True,155000
1343,0,1Fam,2168,71,9375,False,True,True,True,228500
1344,3,1Fam,1913,57,7558,False,True,True,True,177000
1345,0,1Fam,1456,85,11103,False,True,True,True,155835
1346,3,1Fam,960,50,6000,False,False,True,True,108500
1347,2,1Fam,2156,80,20781,False,False,True,True,262500
1348,0,1Fam,1776,93,15306,False,False,True,True,283463
1349,1,1Fam,1494,71,16196,False,False,True,True,215000
1350,3,1Fam,2358,50,5250,False,True,True,False,122000
1351,2,Duplex,2634,91,11643,False,True,True,True,200000
1352,2,1Fam,1716,70,9247,False,True,True,True,171000
1353,3,1Fam,1176,50,6000,False,True,True,True,134900
1354,1,1Fam,3238,56,14720,False,True,True,True,410000
1355,1,1Fam,1865,71,10316,False,True,True,True,235000
1356,2,1Fam,1920,102,10192,True,True,True,True,170000
1357,2,1Fam,892,76,9477,True,False,True,True,110000
1358,2,1Fam,1078,76,12537,False,False,True,True,149900
1359,1,Twnhs,1573,66,2117,False,True,True,True,177500
1360,0,1Fam,1980,129,16737,False,False,True,True,315000
1361,3,1Fam,2600,51,9842,False,True,True,True,189000
1362,0,1Fam,1530,124,16158,False,False,True,True,260000
1363,3,1Fam,1738,76,12513,False,True,True,True,104900
1364,0,1Fam,1412,73,8499,False,True,True,True,156932
1366,1,1Fam,1674,66,7500,False,True,True,True,216000
1368,2,TwnhsE,1475,41,2665,False,True,True,True,127000
1369,1,TwnhsE,848,71,4435,False,False,True,True,144000
1370,1,1Fam,1668,48,10635,False,False,True,True,232000
1371,3,1Fam,1374,90,5400,False,True,True,True,105000
1372,3,1Fam,1661,80,9600,True,False,True,True,165500
1373,1,1Fam,2096,75,9750,False,True,True,True,274300
1375,0,1Fam,1958,85,10625,False,True,True,True,250000
1376,0,1Fam,1571,89,10991,False,False,True,True,239000
1377,3,1Fam,790,52,6292,False,False,True,True,91000
1378,3,1Fam,1604,60,10998,False,True,True,True,117000
1379,2,Twnhs,987,21,1953,False,True,True,True,83000
1380,0,1Fam,1394,73,9735,False,True,True,True,167500
1381,3,1Fam,864,45,8212,False,False,True,True,58500
1382,2,1Fam,2116,76,12925,False,False,True,True,237500
1383,3,1Fam,1762,60,7200,False,True,True,True,157000
1384,3,1Fam,1416,73,25339,False,False,True,True,112000
1385,3,1Fam,1258,60,9060,True,True,True,True,105000
1386,3,1Fam,1154,40,5436,True,True,True,True,125500
1387,2,1Fam,2784,80,16692,True,True,True,True,250000
1389,0,1Fam,1746,42,14892,False,False,True,True,377500
1390,3,1Fam,1218,60,6000,False,True,True,True,131000
1391,1,1Fam,1525,70,9100,False,False,True,True,235000
1392,2,Duplex,1584,65,8944,False,False,True,True,124000
1393,2,1Fam,900,68,7838,True,False,True,True,123000
1394,3,2fmCon,1912,60,10800,False,True,True,True,163000
1395,0,TwnhsE,1500,53,4045,False,False,True,True,246578
1396,0,1Fam,2482,88,12665,False,True,True,True,281213
1397,3,1Fam,1687,79,57200,False,False,True,True,160000
1398,3,1Fam,1513,51,6120,False,True,True,True,137500
1399,3,1Fam,1904,60,7200,True,True,True,True,138000
1400,3,1Fam,1608,51,6171,True,True,True,True,137450
1401,3,1Fam,1158,50,6000,False,True,True,True,120000
1402,0,1Fam,1593,62,7415,False,True,True,True,193000
1403,0,1Fam,1294,64,6762,False,False,True,True,193879
1404,0,1Fam,1464,49,15256,False,False,True,True,282922
1406,0,TwnhsE,1646,44,3842,False,False,True,True,275000
1407,2,1Fam,768,70,8445,True,False,True,True,133000
1408,2,1Fam,833,70,8780,True,False,True,False,112000
1409,3,1Fam,1363,60,7740,False,True,True,True,125500
1410,2,1Fam,2092,46,20544,True,True,True,True,215000
1411,1,1Fam,1840,79,12420,False,True,True,True,230000
1412,3,1Fam,1668,80,9600,True,True,True,True,140000
1413,3,Duplex,1040,60,7200,False,False,False,True,90000
1415,3,1Fam,1848,64,13053,False,True,True,True,207000
1416,0,TwnhsE,1569,51,3635,False,False,True,True,175900
1417,3,2fmCon,2290,60,11340,False,True,True,True,122500
1418,1,1Fam,2450,89,16545,False,True,True,True,340000
1419,2,1Fam,1144,71,9204,False,False,True,True,124000
1420,2,1Fam,1844,72,16381,False,False,True,True,223000
1421,2,1Fam,1416,90,11700,False,True,True,True,179900
1422,2,TwnhsE,1069,53,4043,False,False,True,True,127500
1423,0,TwnhsE,848,37,4435,False,False,True,True,136500
1424,2,1Fam,2200,68,19690,True,True,True,True,274970
1425,2,1Fam,1344,76,9503,True,False,True,True,144000
1426,2,1Fam,1252,80,10721,False,False,True,True,142000
1427,1,1Fam,2128,81,10944,False,True,True,True,271000
1428,3,1Fam,1558,60,10930,False,True,True,True,140000
1430,2,1Fam,1440,80,12546,False,False,True,True,182900
1431,0,1Fam,1838,60,21930,False,True,True,True,192140
1432,2,TwnhsE,958,28,4928,False,False,True,True,143750
1433,3,1Fam,968,60,10800,False,False,True,True,64500
1434,1,1Fam,1792,93,10261,False,True,True,True,186500
1435,2,1Fam,1126,80,17400,False,False,True,True,160000
1437,2,1Fam,864,60,9000,True,False,True,True,120500
1438,0,1Fam,1932,96,12444,False,False,True,True,394617
1439,3,1Fam,1236,90,7407,True,False,True,True,149700
1440,2,1Fam,1725,80,11584,False,True,True,True,197000
1441,3,1Fam,2556,79,11526,False,True,True,True,191000
1442,0,TwnhsE,848,71,4426,False,False,True,True,149300
1443,0,1Fam,2007,85,11003,False,True,True,True,310000
1444,3,1Fam,952,57,8854,False,False,True,True,121000
1445,0,1Fam,1422,63,8500,False,False,True,True,179600
1446,2,1Fam,913,70,8400,False,False,True,True,129000
1447,2,1Fam,1188,70,26142,False,False,True,True,157900
1448,1,1Fam,2090,80,10000,False,True,True,True,240000
1449,3,1Fam,1346,70,11767,True,True,True,True,112000
1451,2,Duplex,1792,60,9000,False,True,True,False,136000
1452,0,1Fam,1578,78,9262,False,False,True,True,287090
1453,0,TwnhsE,1072,35,3675,False,False,True,True,145000
1455,0,1Fam,1221,62,7500,False,False,True,True,185000
1456,1,1Fam,1647,62,7917,False,True,True,True,175000
1457,2,1Fam,2072,85,13175,True,False,True,True,210000
1458,3,1Fam,2340,66,9042,True,True,True,True,266500
1459,3,1Fam,1078,68,9717,False,False,True,True,142125
1460,2,1Fam,1256,75,9937,False,False,True,True,147500
